{
    "오늘 기분이 어때?": [
        {"0": "오늘 습도가 딱 좋아요"},
        {"1": "토양 수분이 ${m}로 굉장히 촉촉해요."},
        {"2": "오늘 습도가 ${h}라서 저한테 딱 맞네요!"},
        {"3": "햇빛이 화창해서 기분이 좋아요."},
	{"4": "토양 수분이 ${m}로 굉장히 말라있어요."},
	{"5": "조도가 ${l}로 굉장히 밝아요"},
	{"6": "온도가 ${t}로 굉장히 더워요."},
	{"7": "온도가 ${t}로 굉장히 추워요."}
    ],
    "배가 너무 고파": [
        {"0": "메뉴 추천으로 치킨을 추천해드릴게요."},
        {"1": "저도 물을 마시고 싶어요."},
        {"2": "정말요?"}
    ]
}
