{"\uc624\ub298 \uae30\ubd84\uc774 \uc5b4\ub54c?": [{"0": "\uc624\ub298 \uc2b5\ub3c4\uac00 \ub531 \uc88b\uc544\uc694"}, {"1": "\ud1a0\uc591 \uc218\ubd84\uc774 ${m}\ub85c \uad49\uc7a5\ud788 \ucd09\ucd09\ud574\uc694."}, {"2": "\uc624\ub298 \uc2b5\ub3c4\uac00 ${h}\ub77c\uc11c \uc800\ud55c\ud14c \ub531 \ub9de\ub124\uc694!"}, {"3": "\ud587\ube5b\uc774 \ud654\ucc3d\ud574\uc11c \uae30\ubd84\uc774 \uc88b\uc544\uc694."}, {"4": "\ud1a0\uc591 \uc218\ubd84\uc774 ${m}\ub85c \uad49\uc7a5\ud788 \ub9d0\ub77c\uc788\uc5b4\uc694."}, {"5": "\uc870\ub3c4\uac00 ${l}\ub85c \uad49\uc7a5\ud788 \ubc1d\uc544\uc694"}, {"6": "\uc628\ub3c4\uac00 ${t}\ub85c \uad49\uc7a5\ud788 \ub354\uc6cc\uc694."}, {"7": "\uc628\ub3c4\uac00 ${t}\ub85c \uad49\uc7a5\ud788 \ucd94\uc6cc\uc694."}], "\ubc30\uac00 \ub108\ubb34 \uace0\ud30c": [{"0": "\uba54\ub274 \ucd94\ucc9c\uc73c\ub85c \uce58\ud0a8\uc744 \ucd94\ucc9c\ud574\ub4dc\ub9b4\uac8c\uc694."}, {"1": "\uc800\ub3c4 \ubb3c\uc744 \ub9c8\uc2dc\uace0 \uc2f6\uc5b4\uc694."}, {"2": "\uc815\ub9d0\uc694?"}]}